Date,Visitors
2023-01-01,1135.0
2023-01-02,1051.0
2023-01-03,1120.0
2023-01-04,1105.0
2023-01-05,931.0
2023-01-06,946.0
2023-01-07,969.0
2023-01-08,909.0
2023-01-09,1209.0
2023-01-10,1193.0
2023-01-11,1037.0
2023-01-12,980.0
2023-01-13,972.0
2023-01-14,921.0
2023-01-15,991.0
2023-01-16,962.0
2023-01-17,1131.0
2023-01-18,1033.0
2023-01-19,949.0
2023-01-20,743.0
2023-01-21,1011.0
2023-01-22,965.0
2023-01-23,997.0
2023-01-24,1210.0
2023-01-25,992.0
2023-01-26,797.0
2023-01-27,833.0
2023-01-28,709.0
2023-01-29,1064.0
2023-01-30,1034.0
2023-01-31,1038.0
2023-02-01,1140.0
2023-02-02,845.0
2023-02-03,975.0
2023-02-04,794.0
2023-02-05,990.0
2023-02-06,1029.0
2023-02-07,1264.0
2023-02-08,1234.0
2023-02-09,978.0
2023-02-10,1013.0
2023-02-11,945.0
2023-02-12,1075.0
2023-02-13,1038.0
2023-02-14,971.0
2023-02-15,899.0
2023-02-16,977.0
2023-02-17,1062.0
2023-02-18,914.0
2023-02-19,921.0
2023-02-20,1188.0
2023-02-21,1069.0
2023-02-22,1002.0
2023-02-23,927.0
2023-02-24,844.0
2023-02-25,854.0
2023-02-26,848.0
2023-02-27,1089.0
2023-02-28,1070.0
2023-03-01,1128.0
2023-03-02,927.0
2023-03-03,760.0
2023-03-04,934.0
2023-03-05,1165.0
2023-03-06,1085.0
2023-03-07,1070.0
2023-03-08,995.0
2023-03-09,922.0
2023-03-10,928.0
2023-03-11,875.0
2023-03-12,1163.0
2023-03-13,1093.0
2023-03-14,1136.0
2023-03-15,1179.0
2023-03-16,1087.0
2023-03-17,885.0
2023-03-18,938.0
2023-03-19,1038.0
2023-03-20,1033.0
2023-03-21,918.0
2023-03-22,1052.0
2023-03-23,981.0
2023-03-24,886.0
2023-03-25,798.0
2023-03-26,937.0
2023-03-27,988.0
2023-03-28,1036.0
2023-03-29,1118.0
2023-03-30,1059.0
2023-03-31,946.0
2023-04-01,966.0
2023-04-02,1065.0
2023-04-03,1098.0
2023-04-04,1121.0
2023-04-05,1027.0
2023-04-06,995.0
2023-04-07,1131.0
2023-04-08,1041.0
2023-04-09,1022.0
2023-04-10,1088.0
2023-04-11,1072.0
2023-04-12,1110.0
2023-04-13,1017.0
2023-04-14,807.0
2023-04-15,971.0
2023-04-16,954.0
2023-04-17,1182.0
2023-04-18,1090.0
2023-04-19,1151.0
2023-04-20,883.0
2023-04-21,836.0
2023-04-22,898.0
2023-04-23,1035.0
2023-04-24,1074.0
2023-04-25,951.0
2023-04-26,1015.0
2023-04-27,921.0
2023-04-28,839.0
2023-04-29,850.0
2023-04-30,1129.0
2023-05-01,1047.0
2023-05-02,1040.0
2023-05-03,1115.0
2023-05-04,996.0
2023-05-05,934.0
2023-05-06,1028.0
2023-05-07,1087.0
2023-05-08,1157.0
2023-05-09,1224.0
2023-05-10,1114.0
2023-05-11,951.0
2023-05-12,911.0
2023-05-13,910.0
2023-05-14,1037.0
2023-05-15,1002.0
2023-05-16,951.0
2023-05-17,1040.0
2023-05-18,829.0
2023-05-19,717.0
2023-05-20,915.0
2023-05-21,900.0
2023-05-22,1070.0
2023-05-23,1005.0
2023-05-24,904.0
2023-05-25,810.0
2023-05-26,818.0
2023-05-27,863.0
2023-05-28,905.0
2023-05-29,1035.0
2023-05-30,964.0
2023-05-31,1045.0
2023-06-01,824.0
2023-06-02,907.0
2023-06-03,1007.0
2023-06-04,1125.0
2023-06-05,1259.0
2023-06-06,1021.0
2023-06-07,1154.0
2023-06-08,1103.0
2023-06-09,1029.0
2023-06-10,891.0
2023-06-11,1070.0
2023-06-12,1256.0
2023-06-13,998.0
2023-06-14,1092.0
2023-06-15,1046.0
2023-06-16,836.0
2023-06-17,948.0
2023-06-18,885.0
2023-06-19,976.0
2023-06-20,989.0
2023-06-21,1011.0
2023-06-22,900.0
2023-06-23,929.0
2023-06-24,799.0
2023-06-25,946.0
2023-06-26,1118.0
2023-06-27,1113.0
2023-06-28,917.0
2023-06-29,999.0
2023-06-30,864.0
2023-07-01,963.0
2023-07-02,1044.0
2023-07-03,1205.0
2023-07-04,1144.0
2023-07-05,938.0
2023-07-06,895.0
2023-07-07,1011.0
2023-07-08,951.0
2023-07-09,1139.0
2023-07-10,1143.0
2023-07-11,1075.0
2023-07-12,1159.0
2023-07-13,912.0
2023-07-14,749.0
2023-07-15,1087.0
2023-07-16,837.0
2023-07-17,1109.0
2023-07-18,1143.0
2023-07-19,1018.0
2023-07-20,779.0
2023-07-21,936.0
2023-07-22,757.0
2023-07-23,843.0
2023-07-24,1002.0
2023-07-25,1117.0
2023-07-26,1030.0
2023-07-27,992.0
2023-07-28,847.0
2023-07-29,898.0
2023-07-30,909.0
2023-07-31,1063.0
2023-08-01,1165.0
2023-08-02,1049.0
2023-08-03,1032.0
2023-08-04,900.0
2023-08-05,922.0
2023-08-06,1053.0
2023-08-07,1112.0
2023-08-08,1192.0
2023-08-09,1101.0
2023-08-10,1133.0
2023-08-11,914.0
2023-08-12,924.0
2023-08-13,927.0
2023-08-14,1080.0
2023-08-15,1142.0
2023-08-16,964.0
2023-08-17,923.0
2023-08-18,923.0
2023-08-19,868.0
2023-08-20,911.0
2023-08-21,1106.0
2023-08-22,1056.0
2023-08-23,1028.0
2023-08-24,1007.0
2023-08-25,957.0
2023-08-26,865.0
2023-08-27,938.0
2023-08-28,1091.0
2023-08-29,1087.0
2023-08-30,902.0
2023-08-31,1079.0
2023-09-01,933.0
2023-09-02,1018.0
2023-09-03,949.0
2023-09-04,1229.0
2023-09-05,1100.0
2023-09-06,1085.0
2023-09-07,892.0
2023-09-08,932.0
2023-09-09,941.0
2023-09-10,1015.0
2023-09-11,1134.0
2023-09-12,1113.0
2023-09-13,1121.0
2023-09-14,909.0
2023-09-15,802.0
2023-09-16,891.0
2023-09-17,1013.0
2023-09-18,1134.0
2023-09-19,1115.0
2023-09-20,852.0
2023-09-21,937.0
2023-09-22,972.0
2023-09-23,884.0
2023-09-24,922.0
2023-09-25,1074.0
2023-09-26,1037.0
2023-09-27,1084.0
2023-09-28,956.0
2023-09-29,1024.0
2023-09-30,982.0
2023-10-01,971.0
2023-10-02,1164.0
2023-10-03,1216.0
2023-10-04,1045.0
2023-10-05,972.0
2023-10-06,768.0
2023-10-07,1042.0
2023-10-08,996.0
2023-10-09,946.0
2023-10-10,985.0
2023-10-11,1046.0
2023-10-12,1028.0
2023-10-13,895.0
2023-10-14,949.0
2023-10-15,892.0
2023-10-16,941.0
2023-10-17,1131.0
2023-10-18,1039.0
2023-10-19,907.0
2023-10-20,955.0
2023-10-21,796.0
2023-10-22,919.0
2023-10-23,1117.0
2023-10-24,1207.0
2023-10-25,1015.0
2023-10-26,1071.0
2023-10-27,844.0
2023-10-28,948.0
2023-10-29,996.0
2023-10-30,971.0
2023-10-31,1148.0
2023-11-01,1155.0
2023-11-02,988.0
2023-11-03,944.0
2023-11-04,1083.0
2023-11-05,950.0
2023-11-06,1006.0
2023-11-07,1088.0
2023-11-08,985.0
2023-11-09,1094.0
2023-11-10,948.0
2023-11-11,863.0
2023-11-12,951.0
2023-11-13,1297.0
2023-11-14,1028.0
2023-11-15,953.0
2023-11-16,944.0
2023-11-17,910.0
2023-11-18,892.0
2023-11-19,878.0
2023-11-20,936.0
2023-11-21,1098.0
2023-11-22,996.0
2023-11-23,788.0
2023-11-24,967.0
2023-11-25,964.0
2023-11-26,970.0
2023-11-27,1057.0
2023-11-28,1126.0
2023-11-29,1009.0
2023-11-30,878.0
2023-12-01,965.0
2023-12-02,850.0
2023-12-03,1079.0
2023-12-04,1013.0
2023-12-05,1139.0
2023-12-06,1080.0
2023-12-07,1143.0
2023-12-08,855.0
2023-12-09,838.0
2023-12-10,969.0
2023-12-11,999.0
2023-12-12,1050.0
2023-12-13,1067.0
2023-12-14,998.0
2023-12-15,1006.0
2023-12-16,826.0
2023-12-17,1168.0
2023-12-18,1189.0
2023-12-19,1031.0
2023-12-20,810.0
2023-12-21,902.0
2023-12-22,865.0
2023-12-23,701.0
2023-12-24,977.0
2023-12-25,1042.0
2023-12-26,1024.0
2023-12-27,1094.0
2023-12-28,1047.0
2023-12-29,884.0
2023-12-30,970.0
2023-12-31,985.0
2024-01-01,1059.0
2024-01-02,1151.0
2024-01-03,1135.0
2024-01-04,961.0
2024-01-05,773.0
2024-01-06,1012.0
2024-01-07,909.0
2024-01-08,1117.0
2024-01-09,1260.0
2024-01-10,1052.0
2024-01-11,861.0
2024-01-12,775.0
2024-01-13,995.0
2024-01-14,969.0
2024-01-15,1084.0
2024-01-16,1128.0
2024-01-17,992.0
2024-01-18,882.0
2024-01-19,777.0
2024-01-20,628.0
2024-01-21,835.0
2024-01-22,1035.0
2024-01-23,1054.0
2024-01-24,1055.0
2024-01-25,936.0
2024-01-26,915.0
2024-01-27,995.0
2024-01-28,950.0
2024-01-29,1085.0
2024-01-30,1006.0
2024-01-31,1165.0
2024-02-01,1007.0
2024-02-02,991.0
2024-02-03,1095.0
2024-02-04,1134.0
2024-02-05,1117.0
2024-02-06,1198.0
2024-02-07,958.0
2024-02-08,1012.0
2024-02-09,924.0
2024-02-10,792.0
2024-02-11,1097.0
2024-02-12,1002.0
2024-02-13,1123.0
2024-02-14,973.0
2024-02-15,993.0
2024-02-16,960.0
2024-02-17,806.0
2024-02-18,828.0
2024-02-19,1020.0
2024-02-20,1122.0
2024-02-21,977.0
2024-02-22,878.0
2024-02-23,921.0
2024-02-24,690.0
2024-02-25,947.0
2024-02-26,978.0
2024-02-27,1141.0
2024-02-28,1014.0
2024-02-29,905.0
2024-03-01,918.0
2024-03-02,852.0
2024-03-03,1049.0
2024-03-04,1073.0
2024-03-05,1115.0
2024-03-06,1029.0
2024-03-07,1067.0
2024-03-08,923.0
2024-03-09,984.0
2024-03-10,1049.0
2024-03-11,1014.0
2024-03-12,1133.0
2024-03-13,1051.0
2024-03-14,952.0
2024-03-15,833.0
2024-03-16,844.0
2024-03-17,1015.0
2024-03-18,1203.0
2024-03-19,981.0
2024-03-20,1039.0
2024-03-21,884.0
2024-03-22,928.0
2024-03-23,927.0
2024-03-24,1064.0
2024-03-25,844.0
2024-03-26,1049.0
2024-03-27,975.0
2024-03-28,968.0
2024-03-29,874.0
2024-03-30,908.0
2024-03-31,1098.0
2024-04-01,1278.0
2024-04-02,921.0
2024-04-03,1068.0
2024-04-04,1029.0
2024-04-05,946.0
2024-04-06,931.0
2024-04-07,921.0
2024-04-08,1023.0
2024-04-09,1166.0
2024-04-10,1129.0
2024-04-11,954.0
2024-04-12,815.0
2024-04-13,900.0
2024-04-14,944.0
2024-04-15,1079.0
2024-04-16,1059.0
2024-04-17,944.0
2024-04-18,922.0
2024-04-19,761.0
2024-04-20,944.0
2024-04-21,1057.0
2024-04-22,955.0
2024-04-23,1111.0
2024-04-24,954.0
2024-04-25,1042.0
2024-04-26,985.0
2024-04-27,924.0
2024-04-28,1109.0
2024-04-29,1081.0
2024-04-30,1089.0
2024-05-01,1045.0
2024-05-02,995.0
2024-05-03,926.0
2024-05-04,982.0
2024-05-05,994.0
2024-05-06,1177.0
2024-05-07,1209.0
2024-05-08,1024.0
2024-05-09,853.0
2024-05-10,960.0
2024-05-11,1003.0
2024-05-12,967.0
2024-05-13,946.0
2024-05-14,1082.0
2024-05-15,1122.0
2024-05-16,759.0
2024-05-17,891.0
2024-05-18,847.0
2024-05-19,884.0
2024-05-20,1075.0
2024-05-21,956.0
2024-05-22,1038.0
2024-05-23,1041.0
2024-05-24,906.0
2024-05-25,852.0
2024-05-26,868.0
2024-05-27,996.0
2024-05-28,980.0
2024-05-29,1209.0
2024-05-30,980.0
2024-05-31,866.0
2024-06-01,868.0
2024-06-02,964.0
2024-06-03,1099.0
2024-06-04,1038.0
2024-06-05,1215.0
2024-06-06,926.0
2024-06-07,860.0
2024-06-08,957.0
2024-06-09,1116.0
2024-06-10,1174.0
2024-06-11,1038.0
2024-06-12,1034.0
2024-06-13,931.0
2024-06-14,902.0
2024-06-15,895.0
2024-06-16,875.0
2024-06-17,928.0
2024-06-18,1064.0
2024-06-19,905.0
2024-06-20,1029.0
2024-06-21,876.0
2024-06-22,819.0
2024-06-23,964.0
2024-06-24,1038.0
2024-06-25,1097.0
2024-06-26,1139.0
2024-06-27,870.0
2024-06-28,790.0
2024-06-29,992.0
2024-06-30,1033.0
2024-07-01,1141.0
2024-07-02,1183.0
2024-07-03,1076.0
2024-07-04,1064.0
2024-07-05,868.0
2024-07-06,956.0
2024-07-07,954.0
2024-07-08,998.0
2024-07-09,1147.0
2024-07-10,1079.0
2024-07-11,781.0
2024-07-12,783.0
2024-07-13,908.0
2024-07-14,1042.0
2024-07-15,977.0
2024-07-16,1033.0
2024-07-17,881.0
2024-07-18,1110.0
2024-07-19,897.0
2024-07-20,956.0
2024-07-21,1023.0
2024-07-22,1133.0
2024-07-23,1136.0
2024-07-24,1017.0
2024-07-25,1027.0
2024-07-26,929.0
2024-07-27,1055.0
2024-07-28,978.0
2024-07-29,1078.0
2024-07-30,1198.0
2024-07-31,1195.0
2024-08-01,1018.0
2024-08-02,893.0
2024-08-03,956.0
2024-08-04,997.0
2024-08-05,1259.0
2024-08-06,1190.0
2024-08-07,1155.0
2024-08-08,981.0
2024-08-09,848.0
2024-08-10,995.0
2024-08-11,1103.0
2024-08-12,1088.0
2024-08-13,1052.0
2024-08-14,1082.0
2024-08-15,877.0
2024-08-16,914.0
2024-08-17,817.0
2024-08-18,879.0
2024-08-19,1086.0
2024-08-20,1095.0
2024-08-21,1175.0
2024-08-22,924.0
2024-08-23,904.0
2024-08-24,841.0
2024-08-25,871.0
2024-08-26,965.0
2024-08-27,1172.0
2024-08-28,993.0
2024-08-29,1094.0
2024-08-30,1066.0
2024-08-31,949.0
2024-09-01,1180.0
2024-09-02,1140.0
2024-09-03,1225.0
2024-09-04,1055.0
2024-09-05,1054.0
2024-09-06,837.0
2024-09-07,972.0
2024-09-08,953.0
2024-09-09,1047.0
2024-09-10,1119.0
2024-09-11,1020.0
2024-09-12,907.0
2024-09-13,913.0
2024-09-14,936.0
2024-09-15,839.0
2024-09-16,1075.0
2024-09-17,1108.0
2024-09-18,946.0
2024-09-19,958.0
2024-09-20,776.0
2024-09-21,1027.0
2024-09-22,981.0
2024-09-23,1082.0
2024-09-24,1214.0
2024-09-25,1061.0
2024-09-26,1042.0
2024-09-27,862.0
2024-09-28,924.0
2024-09-29,938.0
2024-09-30,1111.0
2024-10-01,1228.0
2024-10-02,1105.0
2024-10-03,1065.0
2024-10-04,850.0
2024-10-05,871.0
2024-10-06,973.0
2024-10-07,1124.0
2024-10-08,1116.0
2024-10-09,1022.0
2024-10-10,977.0
2024-10-11,853.0
2024-10-12,877.0
2024-10-13,1057.0
2024-10-14,982.0
2024-10-15,1062.0
2024-10-16,1125.0
2024-10-17,921.0
2024-10-18,922.0
2024-10-19,844.0
2024-10-20,1136.0
2024-10-21,888.0
2024-10-22,1007.0
2024-10-23,969.0
2024-10-24,1107.0
2024-10-25,960.0
2024-10-26,938.0
2024-10-27,941.0
2024-10-28,1155.0
2024-10-29,1156.0
2024-10-30,1038.0
2024-10-31,885.0
2024-11-01,858.0
2024-11-02,976.0
2024-11-03,1054.0
2024-11-04,1104.0
2024-11-05,1096.0
2024-11-06,902.0
2024-11-07,950.0
2024-11-08,800.0
2024-11-09,896.0
2024-11-10,1000.0
2024-11-11,981.0
2024-11-12,968.0
2024-11-13,1073.0
2024-11-14,935.0
2024-11-15,804.0
2024-11-16,638.0
2024-11-17,959.0
2024-11-18,1099.0
2024-11-19,1167.0
2024-11-20,979.0
2024-11-21,905.0
2024-11-22,877.0
2024-11-23,1009.0
2024-11-24,935.0
2024-11-25,1106.0
2024-11-26,1067.0
2024-11-27,1112.0
2024-11-28,882.0
2024-11-29,982.0
2024-11-30,930.0
2024-12-01,1025.0
2024-12-02,1157.0
2024-12-03,1218.0
2024-12-04,928.0
2024-12-05,1047.0
2024-12-06,947.0
2024-12-07,888.0
2024-12-08,1092.0
2024-12-09,1064.0
2024-12-10,1164.0
2024-12-11,953.0
2024-12-12,840.0
2024-12-13,951.0
2024-12-14,1045.0
2024-12-15,1003.0
2024-12-16,1106.0
2024-12-17,1022.0
2024-12-18,908.0
2024-12-19,918.0
2024-12-20,1012.0
2024-12-21,773.0
2024-12-22,971.0
2024-12-23,945.0
2024-12-24,1136.0
2024-12-25,1150.0
2024-12-26,900.0
2024-12-27,917.0
2024-12-28,1078.0
2024-12-29,1043.0
2024-12-30,1027.0
2024-12-31,1035.0
2025-01-01,919.0
2025-01-02,1048.0
2025-01-03,863.0
2025-01-04,1016.0
2025-01-05,1069.0
2025-01-06,1015.0
2025-01-07,1035.0
2025-01-08,1076.0
2025-01-09,931.0
2025-01-10,881.0
2025-01-11,742.0
2025-01-12,1022.0
2025-01-13,958.0
2025-01-14,868.0
2025-01-15,951.0
2025-01-16,953.0
2025-01-17,1041.0
2025-01-18,872.0
2025-01-19,883.0
2025-01-20,1248.0
2025-01-21,1121.0
2025-01-22,1043.0
2025-01-23,900.0
2025-01-24,859.0
2025-01-25,1083.0
2025-01-26,1026.0
2025-01-27,1085.0
2025-01-28,1106.0
2025-01-29,1216.0
2025-01-30,953.0
2025-01-31,990.0
2025-02-01,972.0
2025-02-02,1039.0
2025-02-03,1018.0
2025-02-04,1150.0
2025-02-05,1162.0
2025-02-06,932.0
2025-02-07,800.0
2025-02-08,781.0
2025-02-09,972.0
2025-02-10,1009.0
2025-02-11,1039.0
2025-02-12,995.0
2025-02-13,791.0
2025-02-14,922.0
2025-02-15,903.0
2025-02-16,965.0
2025-02-17,1076.0
2025-02-18,1161.0
2025-02-19,1048.0
2025-02-20,899.0
2025-02-21,1016.0
2025-02-22,917.0
2025-02-23,979.0
2025-02-24,997.0
2025-02-25,1146.0
2025-02-26,1009.0
2025-02-27,965.0
2025-02-28,986.0
2025-03-01,968.0
2025-03-02,1118.0
2025-03-03,1132.0
2025-03-04,1086.0
2025-03-05,1027.0
2025-03-06,916.0
2025-03-07,944.0
2025-03-08,903.0
2025-03-09,938.0
2025-03-10,1109.0
2025-03-11,1062.0
2025-03-12,959.0
2025-03-13,786.0
2025-03-14,888.0
2025-03-15,893.0
2025-03-16,961.0
2025-03-17,1006.0
2025-03-18,1001.0
2025-03-19,1005.0
2025-03-20,965.0
2025-03-21,892.0
2025-03-22,921.0
2025-03-23,983.0
2025-03-24,1135.0
2025-03-25,1153.0
2025-03-26,1026.0
2025-03-27,1065.0
2025-03-28,1016.0
2025-03-29,1037.0
2025-03-30,1037.0
2025-03-31,1106.0
2025-04-01,1042.0
2025-04-02,1133.0
2025-04-03,806.0
2025-04-04,882.0
2025-04-05,895.0
2025-04-06,1058.0
2025-04-07,1058.0
2025-04-08,991.0
2025-04-09,892.0
2025-04-10,855.0
2025-04-11,863.0
2025-04-12,876.0
2025-04-13,934.0
2025-04-14,976.0
2025-04-15,1037.0
2025-04-16,1086.0
2025-04-17,839.0
2025-04-18,885.0
2025-04-19,1041.0
2025-04-20,1044.0
2025-04-21,1052.0
2025-04-22,1171.0
2025-04-23,1013.0
2025-04-24,994.0
2025-04-25,1070.0
2025-04-26,1121.0
2025-04-27,913.0
2025-04-28,1184.0
2025-04-29,1301.0
2025-04-30,1043.0
2025-05-01,1014.0
2025-05-02,1052.0
2025-05-03,903.0
2025-05-04,1047.0
2025-05-05,1073.0
2025-05-06,933.0
2025-05-07,1051.0
2025-05-08,912.0
2025-05-09,940.0
2025-05-10,1046.0
2025-05-11,1007.0
2025-05-12,999.0
2025-05-13,1084.0
2025-05-14,1012.0
2025-05-15,995.0
2025-05-16,750.0
2025-05-17,799.0
2025-05-18,816.0
2025-05-19,1116.0
2025-05-20,1096.0
2025-05-21,1003.0
2025-05-22,919.0
2025-05-23,886.0
2025-05-24,885.0
2025-05-25,1018.0
2025-05-26,1086.0
2025-05-27,1258.0
2025-05-28,1119.0
2025-05-29,939.0
2025-05-30,899.0
2025-05-31,1055.0
2025-06-01,1066.0
2025-06-02,1122.0
2025-06-03,1166.0
2025-06-04,1170.0
2025-06-05,849.0
2025-06-06,823.0
2025-06-07,753.0
2025-06-08,1002.0
2025-06-09,1005.0
2025-06-10,996.0
2025-06-11,933.0
2025-06-12,962.0
2025-06-13,844.0
2025-06-14,836.0
2025-06-15,1063.0
2025-06-16,965.0
2025-06-17,976.0
2025-06-18,1241.0
2025-06-19,927.0
2025-06-20,869.0
2025-06-21,884.0
2025-06-22,1018.0
2025-06-23,1178.0
2025-06-24,1201.0
2025-06-25,1134.0
2025-06-26,984.0
2025-06-27,833.0
2025-06-28,992.0
2025-06-29,1165.0
2025-06-30,1201.0
2025-07-01,1113.0
2025-07-02,1128.0
2025-07-03,936.0
2025-07-04,898.0
2025-07-05,813.0
2025-07-06,954.0
2025-07-07,1060.0
2025-07-08,1047.0
2025-07-09,1062.0
2025-07-10,1060.0
2025-07-11,959.0
2025-07-12,848.0
2025-07-13,894.0
2025-07-14,983.0
2025-07-15,982.0
2025-07-16,1017.0
2025-07-17,970.0
2025-07-18,907.0
2025-07-19,937.0
2025-07-20,1023.0
2025-07-21,1088.0
2025-07-22,1067.0
2025-07-23,1219.0
2025-07-24,1084.0
2025-07-25,877.0
2025-07-26,899.0
2025-07-27,1003.0
2025-07-28,1128.0
2025-07-29,1242.0
2025-07-30,1162.0
2025-07-31,1071.0
2025-08-01,1010.0
2025-08-02,1021.0
2025-08-03,1059.0
2025-08-04,1104.0
2025-08-05,1068.0
2025-08-06,874.0
2025-08-07,909.0
2025-08-08,1003.0
2025-08-09,831.0
2025-08-10,900.0
2025-08-11,1110.0
2025-08-12,1056.0
2025-08-13,962.0
2025-08-14,1044.0
2025-08-15,923.0
2025-08-16,962.0
2025-08-17,944.0
2025-08-18,1118.0
2025-08-19,1138.0
2025-08-20,1126.0
2025-08-21,1078.0
2025-08-22,1030.0
2025-08-23,979.0
2025-08-24,1103.0
2025-08-25,1036.0
2025-08-26,1199.0
2025-08-27,1146.0
2025-08-28,969.0
2025-08-29,878.0
2025-08-30,947.0
2025-08-31,923.0
2025-09-01,1116.0
2025-09-02,1121.0
2025-09-03,957.0
2025-09-04,940.0
2025-09-05,959.0
2025-09-06,970.0
2025-09-07,1038.0
2025-09-08,1019.0
2025-09-09,1021.0
2025-09-10,962.0
2025-09-11,956.0
2025-09-12,1047.0
2025-09-13,997.0
2025-09-14,1097.0
2025-09-15,1166.0
2025-09-16,958.0
2025-09-17,1027.0
2025-09-18,932.0
2025-09-19,1023.0
2025-09-20,1086.0
2025-09-21,984.0
2025-09-22,1125.0
2025-09-23,1190.0
2025-09-24,1054.0
2025-09-25,956.0
2025-09-26,896.0
2025-09-27,1036.0
2025-09-28,964.0
2025-09-29,1198.0
2025-09-30,1125.0
2025-10-01,1114.0
2025-10-02,1080.0
2025-10-03,839.0
2025-10-04,836.0
2025-10-05,1005.0
2025-10-06,958.0
2025-10-07,996.0
2025-10-08,987.0
2025-10-09,919.0
2025-10-10,753.0
2025-10-11,844.0
2025-10-12,1003.0
2025-10-13,1148.0
2025-10-14,911.0
2025-10-15,1127.0
2025-10-16,1017.0
2025-10-17,816.0
2025-10-18,815.0
2025-10-19,1054.0
2025-10-20,1074.0
2025-10-21,1146.0
2025-10-22,1155.0
2025-10-23,974.0
2025-10-24,965.0
2025-10-25,1009.0
2025-10-26,1118.0
2025-10-27,1262.0
2025-10-28,1270.0
2025-10-29,1092.0
2025-10-30,958.0
2025-10-31,1102.0
2025-11-01,973.0
2025-11-02,1024.0
2025-11-03,970.0
2025-11-04,1130.0
2025-11-05,944.0
2025-11-06,877.0
2025-11-07,749.0
2025-11-08,831.0
2025-11-09,955.0
2025-11-10,911.0
2025-11-11,983.0
2025-11-12,1000.0
2025-11-13,827.0
2025-11-14,783.0
2025-11-15,845.0
2025-11-16,888.0
2025-11-17,1138.0
2025-11-18,1039.0
2025-11-19,1134.0
2025-11-20,1067.0
2025-11-21,850.0
2025-11-22,973.0
2025-11-23,1012.0
2025-11-24,1037.0
2025-11-25,1118.0
2025-11-26,1067.0
2025-11-27,1050.0
2025-11-28,1014.0
2025-11-29,854.0
2025-11-30,978.0
2025-12-01,1120.0
2025-12-02,1181.0
2025-12-03,828.0
2025-12-04,1029.0
2025-12-05,852.0
2025-12-06,1001.0
2025-12-07,919.0
2025-12-08,962.0
2025-12-09,1051.0
2025-12-10,1089.0
2025-12-11,916.0
2025-12-12,677.0
2025-12-13,947.0
2025-12-14,851.0
2025-12-15,990.0
2025-12-16,1005.0
2025-12-17,907.0
2025-12-18,877.0
2025-12-19,853.0
2025-12-20,910.0
2025-12-21,1039.0
2025-12-22,1099.0
2025-12-23,1029.0
2025-12-24,1079.0
2025-12-25,1082.0
2025-12-26,1022.0
2025-12-27,970.0
2025-12-28,1079.0
2025-12-29,1170.0
2025-12-30,1217.0
2025-12-31,1179.0
